{"cameraMode":{"drawMode":0,"name":"Shaded","section":"Shading Mode"},"sceneLighting":false,"audioPlay":false,"sceneViewState":{"m_AlwaysRefresh":false,"showFog":true,"showSkybox":false,"showFlares":true,"showImageEffects":true,"showParticleSystems":true,"showVisualEffectGraphs":true,"m_FxEnabled":true},"in2DMode":false,"pivot":{"x":-0.25999993085861208,"y":4.170000076293945,"z":1.6699342727661133},"rotation":{"x":0.13052038848400117,"y":0.7302698493003845,"z":-0.14560754597187043,"w":0.6545830965042114},"size":1.2247449159622193,"orthographic":false}