{"cameraMode":{"drawMode":0,"name":"Shaded","section":"Shading Mode"},"sceneLighting":false,"audioPlay":false,"sceneViewState":{"m_AlwaysRefresh":false,"showFog":true,"showSkybox":false,"showFlares":true,"showImageEffects":true,"showParticleSystems":true,"showVisualEffectGraphs":true,"m_FxEnabled":true},"in2DMode":false,"pivot":{"x":-12.949326515197754,"y":3.5033931732177736,"z":0.24027331173419953},"rotation":{"x":0.09309866279363632,"y":-0.7696638107299805,"z":0.11539047211408615,"w":0.6210235953330994},"size":5.057762145996094,"orthographic":false}