{"cameraMode":{"drawMode":0,"name":"Shaded","section":"Shading Mode"},"sceneLighting":false,"audioPlay":false,"sceneViewState":{"m_AlwaysRefresh":false,"showFog":true,"showSkybox":false,"showFlares":true,"showImageEffects":true,"showParticleSystems":true,"showVisualEffectGraphs":true,"m_FxEnabled":true},"in2DMode":false,"pivot":{"x":-2.426098346710205,"y":0.6924555897712708,"z":-0.3671684265136719},"rotation":{"x":0.028492845594882966,"y":0.01528926007449627,"z":-0.0004358315491117537,"w":0.9994767308235169},"size":2.145505428314209,"orthographic":false}