{"cameraMode":{"drawMode":0,"name":"Shaded","section":"Shading Mode"},"sceneLighting":false,"audioPlay":false,"sceneViewState":{"m_AlwaysRefresh":false,"showFog":true,"showSkybox":false,"showFlares":true,"showImageEffects":true,"showParticleSystems":true,"showVisualEffectGraphs":true,"m_FxEnabled":true},"in2DMode":false,"pivot":{"x":-14.441526412963868,"y":5.057338714599609,"z":-2.083038568496704},"rotation":{"x":0.008983518928289414,"y":-0.060857467353343967,"z":0.0005476442165672779,"w":0.9981067776679993},"size":2.243272066116333,"orthographic":false}