{"cameraMode":{"drawMode":0,"name":"Shaded","section":"Shading Mode"},"sceneLighting":false,"audioPlay":false,"sceneViewState":{"m_AlwaysRefresh":false,"showFog":true,"showSkybox":false,"showFlares":true,"showImageEffects":true,"showParticleSystems":true,"showVisualEffectGraphs":true,"m_FxEnabled":true},"in2DMode":false,"pivot":{"x":-57.14111328125,"y":5.244585990905762,"z":-1.5144370794296265},"rotation":{"x":0.0026322430931031706,"y":0.7780695557594299,"z":0.0032599710393697025,"w":-0.6281657218933106},"size":3.3140554428100588,"orthographic":false}