{"cameraMode":{"drawMode":0,"name":"Shaded","section":"Shading Mode"},"sceneLighting":false,"audioPlay":false,"sceneViewState":{"m_AlwaysRefresh":false,"showFog":true,"showSkybox":false,"showFlares":true,"showImageEffects":true,"showParticleSystems":true,"showVisualEffectGraphs":true,"m_FxEnabled":true},"in2DMode":false,"pivot":{"x":-17.980836868286134,"y":6.708370208740234,"z":-0.3958025276660919},"rotation":{"x":-0.02330731973052025,"y":-0.7367469072341919,"z":-0.025427959859371187,"w":0.6752873659133911},"size":5.1618452072143559,"orthographic":false}