{"cameraMode":{"drawMode":0,"name":"Shaded","section":"Shading Mode"},"sceneLighting":false,"audioPlay":false,"sceneViewState":{"m_AlwaysRefresh":false,"showFog":true,"showSkybox":false,"showFlares":true,"showImageEffects":true,"showParticleSystems":true,"showVisualEffectGraphs":true,"m_FxEnabled":true},"in2DMode":false,"pivot":{"x":-0.47758007049560549,"y":5.752349376678467,"z":-0.004000067710876465},"rotation":{"x":0.029027214273810388,"y":-0.7830244302749634,"z":0.03670305013656616,"w":0.6202523112297058},"size":3.736570358276367,"orthographic":false}