{"cameraMode":{"drawMode":0,"name":"Shaded","section":"Shading Mode"},"sceneLighting":false,"audioPlay":false,"sceneViewState":{"m_AlwaysRefresh":false,"showFog":true,"showSkybox":false,"showFlares":true,"showImageEffects":true,"showParticleSystems":true,"showVisualEffectGraphs":true,"m_FxEnabled":true},"in2DMode":false,"pivot":{"x":-9.964447021484375,"y":5.716385364532471,"z":-0.09277188777923584},"rotation":{"x":0.0026322430931031706,"y":0.7780695557594299,"z":0.0032599710393697025,"w":-0.6281657218933106},"size":3.54555606842041,"orthographic":false}