{"cameraMode":{"drawMode":0,"name":"Shaded","section":"Shading Mode"},"sceneLighting":true,"audioPlay":false,"sceneViewState":{"m_AlwaysRefresh":false,"showFog":true,"showSkybox":true,"showFlares":true,"showImageEffects":true,"showParticleSystems":true,"showVisualEffectGraphs":true,"m_FxEnabled":true},"in2DMode":false,"pivot":{"x":-53.900001525878909,"y":2.175523519515991,"z":0.14029312133789063},"rotation":{"x":-0.03313708305358887,"y":0.10055893659591675,"z":-0.0033436983358114959,"w":-0.9943902492523193},"size":63.41644287109375,"orthographic":false}